Ref,Val,Package,PosX,PosY,Rot,Side
"P1","M20-7822046","HDR1X20_FEMALE",120.505100,-80.878800,-90.000000,bottom
"P2","M20-7821446","HDR1X14_FEMALE",176.512100,-80.878800,-90.000000,bottom
"T1","TP_+24V","TestPad_Via",124.800000,-127.400000,180.000000,bottom
"T7","TP_GND_ADC","TestPad_Via",176.200000,-128.200000,180.000000,bottom
"C1","10uF/100V","C_1210_3225Metric",139.800000,-125.125000,90.000000,top
"C2","10uF/100V","C_1210_3225Metric",147.200000,-132.200000,-90.000000,top
"C3","22uF","C_0805_2012Metric",139.800000,-120.400000,-90.000000,top
"C4","100nF","0603C",138.000000,-120.650000,-90.000000,top
"C5","22uF","C_0805_2012Metric",128.300000,-120.600000,90.000000,top
"C6","10uF","0603C",125.850000,-113.850000,180.000000,top
"C7","2.2uF","0603C",133.800000,-112.100000,-90.000000,top
"C8","10uF","0603C",129.050000,-113.850000,0.000000,top
"C9","100nF","0603C",127.294300,-96.050000,180.000000,top
"C10","100nF","0603C",138.950000,-115.750000,-90.000000,top
"C11","2.2uF","0603C",136.000000,-112.800000,0.000000,top
"C12","100nF","0603C",136.000000,-111.150000,0.000000,top
"C13","100nF","0603C",134.194300,-96.000000,0.000000,top
"C14","10uF","0603C",140.299900,-85.400000,0.000000,top
"C15","100nF FT","NFM0603",141.100000,-87.600000,90.000000,top
"C16","100nF FT","NFM0603",144.429200,-94.399920,-90.000000,top
"C17","10uF","0603C",144.429300,-98.600000,90.000000,top
"C18","100nF","0603C",145.129100,-84.500000,-90.000000,top
"C19","100nF","0603C",142.500000,-94.400000,90.000000,top
"C20","100nF","0603C",143.060000,-85.400000,0.000000,top
"C21","1uF","0603C",146.600000,-84.500000,90.000000,top
"C22","1uF","0603C",128.950000,-82.380000,-90.000000,top
"C23","100nF","0603C",130.500000,-82.380000,-90.000000,top
"C24","100nF","0603C",139.500000,-82.250000,90.000000,top
"C25","10uF","0603C",141.200000,-82.250000,90.000000,top
"C26","100nF","0603C",159.700000,-93.450000,-90.000000,top
"C27","100nF","0603C",155.100000,-92.750000,0.000000,top
"C28","100nF","0603C",155.100000,-101.400000,0.000000,top
"C29","100nF","0603C",159.700000,-102.100000,-90.000000,top
"C30","100nF","0603C",155.100000,-110.400000,0.000000,top
"C31","100nF","0603C",159.700000,-111.050000,-90.000000,top
"C32","100nF","0603C",159.700000,-119.700000,-90.000000,top
"C33","100nF","0603C",155.100000,-118.900000,0.000000,top
"C34","10uF/100V","C_1210_3225Metric",141.900000,-106.350000,90.000000,top
"C35","10uF/100V","C_1210_3225Metric",155.500000,-132.200000,-90.000000,top
"C36","100nF/100V","0603C",158.100000,-132.500000,-90.000000,top
"C37","100nF","0603C",147.900000,-106.950000,-90.000000,top
"C38","10uF/50V","C_1206_3216Metric",148.300000,-103.275000,-90.000000,top
"C39","100nF","0603C",165.100000,-79.900000,0.000000,top
"C40","100nF","0603C",175.400000,-77.800000,0.000000,top
"C41","1uF/16V","0603C",147.400000,-77.450000,-90.000000,top
"C42","100nF","0603C",160.350000,-78.700000,-90.000000,top
"C43","100nF","0603C",162.300000,-85.700000,0.000000,top
"C44","100nF","0603C",162.300000,-89.900000,180.000000,top
"C45","10uF","0603C",158.950000,-78.700000,-90.000000,top
"C46","2.2uF","0603C",162.950000,-87.800000,90.000000,top
"C47","1uF/16V","0603C",147.400000,-81.050000,90.000000,top
"C48","10nF","0603C",150.050000,-87.900000,-90.000000,top
"D1","SMA6J33A-Q","DO-214",128.600000,-127.096800,-90.000000,top
"D2","MBR1H100SF","SOD123",135.600000,-126.600000,0.000000,top
"D3","MBR1H100SF","SOD123",137.200000,-130.300000,90.000000,top
"D4","ZMM5234B","SOD-80C",136.200000,-119.700000,90.000000,top
"D5","KG EELP41.22","0603LED",155.400000,-125.500000,90.000000,top
"D6","824500301","DO-214",168.600000,-93.200000,0.000000,top
"D7","824500301","DO-214",168.600000,-102.000000,0.000000,top
"D8","824500301","DO-214",168.600000,-110.600000,0.000000,top
"D9","SMBJ36A","DO-214AA",168.730000,-98.200000,180.000000,top
"D10","SMBJ36A","DO-214AA",168.730000,-89.400000,180.000000,top
"D11","824500301","DO-214",168.600000,-119.200000,0.000000,top
"D12","SMBJ36A","DO-214AA",168.730000,-106.800000,180.000000,top
"D13","SMBJ36A","DO-214AA",168.730000,-115.400000,180.000000,top
"D14","BAV199","SOT23-3",155.800000,-88.900000,-90.000000,top
"D15","BAV199","SOT23-3",155.800000,-97.500000,-90.000000,top
"D16","BAV199","SOT23-3",155.800000,-106.500000,-90.000000,top
"D17","BAV199","SOT23-3",155.800000,-114.900000,-90.000000,top
"D18","KG EELP41.22","0603LED",162.500000,-133.200000,180.000000,top
"D19","SMA6J6.0A","DO-214",168.600000,-77.600000,0.000000,top
"D20","824500101","DO-214",168.600000,-82.250000,0.000000,top
"D21","824500101","DO-214",168.600000,-85.550000,0.000000,top
"D22","BAV199","SOT23-3",162.800000,-82.800000,0.000000,top
"D23","RB162MM-60","SOD-123F",156.900000,-77.950000,90.000000,top
"D24","BAV199","SOT23-3",157.350000,-81.900000,-90.000000,top
"D25","BAV199","SOT23-3",157.340000,-85.400000,-90.000000,top
"F1","CC12H750MA-TR","1206F",132.000000,-127.800000,90.000000,top
"F2","CC12H750MA-TR","1206F",135.000000,-130.400000,-90.000000,top
"F3","3413.0006.22","1206F",173.600000,-99.800000,90.000000,top
"F4","3413.0006.22","1206F",173.600000,-92.000000,90.000000,top
"F5","3413.0006.22","1206F",173.600000,-107.000000,90.000000,top
"F6","3413.0006.22","1206F",173.600000,-115.400000,90.000000,top
"FB1","470R@100MHz","0603FB",129.900000,-119.075000,90.000000,top
"FB2","470R@100MHz","0603FB",138.000000,-111.925000,-90.000000,top
"FB3","470R@100MHz","0603FB",139.200000,-111.900000,90.000000,top
"FB4","470R@100MHz","0603FB",158.400000,-93.500000,-90.000000,top
"FB5","470R@100MHz","0603FB",158.400000,-102.125000,-90.000000,top
"FB6","470R@100MHz","0603FB",158.400000,-111.000000,-90.000000,top
"FB7","470R@100MHz","0603FB",158.400000,-119.600000,-90.000000,top
"Fid1","Fiducial","Fiducial_Point_Top-Bot",121.422100,-133.098600,90.000000,top
"Fid2","Fiducial","Fiducial_Point_Top-Bot",121.400000,-77.100000,90.000000,top
"Fid3","Fiducial","Fiducial_Point_Top-Bot",176.100000,-132.700000,90.000000,top
"H1","FTS-103-01-L-D","HDR2X3_1.27mm-Without_number",150.010000,-78.430000,-90.000000,top
"R2","220R","1206R",134.000000,-120.000000,90.000000,top
"R3","220R","1206R",131.800000,-120.000000,90.000000,top
"R4","2k2","0603R",156.950000,-125.500000,90.000000,top
"R5","100k","0603R",130.600000,-116.850000,180.000000,top
"R6","4k42","0603R",134.250000,-108.700000,0.000000,top
"R7","10k","0603R",136.850000,-108.700000,0.000000,top
"R9","10k","0603R",139.100000,-89.741600,-90.000000,top
"R10","0R","0603R",159.500000,-91.350000,0.000000,top
"R11","0R","0603R",159.643750,-100.000000,0.000000,top
"R12","0R","0603R",159.500000,-109.000000,0.000000,top
"R13","110R","0603R",156.900000,-91.350000,180.000000,top
"R14","110R","0603R",156.900000,-100.000000,180.000000,top
"R15","110R","0603R",156.900000,-109.000000,180.000000,top
"R16","0R","0603R",159.500000,-117.400000,0.000000,top
"R17","110R","0603R",156.900000,-117.400000,180.000000,top
"R18","3k3","0603R",156.500000,-94.175000,0.000000,top
"R19","3k3","0603R",156.500000,-102.800000,0.000000,top
"R20","3k3","0603R",156.500000,-111.800000,0.000000,top
"R21","3k3","0603R",156.500000,-120.300000,0.000000,top
"R22","11k5","0603R",150.300000,-102.500000,-90.000000,top
"R23","6k65","0603R",150.900000,-106.900000,-90.000000,top
"R24","6k65","0603R",149.400000,-106.900000,-90.000000,top
"R25","93k1","0603R",145.600000,-101.800000,180.000000,top
"R26","10k","0603R",143.000000,-101.800000,180.000000,top
"R27","22k","0603R",160.400000,-132.500000,-90.000000,top
"R28","10k 0.1%","0603R",164.400000,-77.600000,-90.000000,top
"R29","10k 0.1%","0603R",150.050000,-90.550000,-90.000000,top
"R30","68R 1W","1206R",162.200000,-77.900000,-90.000000,top
"R31","1k3 0.1%","0603R",164.450000,-86.450000,-90.000000,top
"R32","1k3 0.1%","0603R",164.450000,-89.300000,-90.000000,top
"R36","NTC 10k","0603R",151.250000,-85.250000,90.000000,top
"R37","22k 0.1%","0603R",149.550000,-82.650000,90.000000,top
"R38","3k","0603R",151.250000,-82.650000,90.000000,top
"R39","3k","0603R",151.700000,-87.900000,-90.000000,top
"T2","TP_GND_ADC_P1","TestPad_Via",125.800000,-131.600000,0.000000,top
"T3","TP_DGND","TestPad_Via",123.900000,-86.800000,90.000000,top
"T4","TP_+5V_REG","TestPad_Via",157.900000,-128.300000,0.000000,top
"T5","TP_+3.3V_DIG","TestPad_Via",124.800000,-103.600000,0.000000,top
"T6","TP_+3.3V_ANA","TestPad_Via",128.950000,-76.800000,0.000000,top
"T8","TP_+24V_ADC","TestPad_Via",141.200000,-132.900000,0.000000,top
"U1","R-78HB5.0-0.5L","R-78HBxx-0.5L_SIP-3H",147.600000,-128.277800,90.000000,top
"U2","MCP1824ST-3302E/DB","SOT-223-3",127.450000,-108.850000,0.000000,top
"U3","SPX3819M5-L-3-3/TR","SOT-23-5",136.050000,-115.500000,0.000000,top
"U4","TL431B","SOT23-3",135.200000,-106.200000,90.000000,top
"U5","ISO7141CCDBQR","SSOP16-4.9x3.9mm",130.744300,-100.199500,0.000000,top
"U6","AD7124-8BCPZ","LFCSP-32-2",145.679100,-89.791600,90.000000,top
"U7","ADR4525BRZ","SOIC8",134.950000,-82.315000,0.000000,top
"U8","TPS26613DDFR","SOT-23-8",163.262500,-92.525000,180.000000,top
"U9","TPS26613DDFR","SOT-23-8",163.262500,-100.975000,180.000000,top
"U10","TPS26613DDFR","SOT-23-8",163.262500,-109.975000,180.000000,top
"U11","TPS26613DDFR","SOT-23-8",163.262500,-118.575000,180.000000,top
"U12","TPS7A4001DGN","HVSSOP-8-1EP",145.300000,-105.800000,-90.000000,top
"U13","LP5907MFX-2.5","SOT-23-5",144.300000,-80.650000,-90.000000,top
